t,X,Y,Z
0.000100475503,276.272186,3.11208296,9076.29297
0.000200437295,272.011108,2.77173305,8579.94922
0.000300313288,273.828308,2.260957,8254.82422
0.000400177989,264.545502,1.45241201,8127.22705
0.000500031514,226.147903,0.88354212,8094.96387
0.000600472675,174.589401,1.19581795,8115.09912
0.000700160512,158.679596,2.65620089,8170.35986
0.000800598413,198.948593,4.24653387,8230.26074
0.000900287472,276.652496,4.82483006,8268.91406
0.00100072694,349.322388,4.88860703,8299.66797
0.00110041804,387.673889,5.89381504,8368.00391
0.00120010995,378.128113,7.0665102,8476.2959
0.00130055402,333.057495,5.9273839,8580.18359
0.00140024896,288.541687,4.28316116,8648.54492
0.00150069594,263.79541,3.12432599,8679.11133
0.00160039403,264.125397,2.51852012,8689.06445
0.00170009502,274.782013,2.00130796,8712.87891
0.001800547,273.180786,2.613832,8770.7168
0.00190025102,253.318207,4.24022007,8850.39355
0.00200070697,229.562698,5.49675608,8925.82129
0.00210041506,220.8349,5.13306904,8972.20508
0.00220012502,230.776993,5.08494377,8990.60254
0.00230058609,252.491699,4.8069191,9002.93848
0.0024003,270.460907,3.86985993,9042.07422
0.00250001391,277.993408,1.96904397,9115.24902
0.00260048104,280.449188,0.787487388,9204.59082
0.00270019891,286.933594,-1.27424705,9285.47168
0.00280066906,289.030487,-2.78567696,9338.60645
0.00290038995,277.274902,-3.80878806,9366.28223
0.00300011295,251.3423,-2.67791009,9386.38184
0.00310058799,220.7052,2.91027689,9411.79688
0.00320031401,198.949005,11.4718199,9441.99219
0.00330004189,194.181503,21.15271,9469.34863
0.00340052089,206.121094,31.4340992,9496.75195
0.00350025296,228.099899,41.4636803,9532.64648
0.00360073592,248.346802,50.2198181,9587.75977
0.00370047195,260.364014,55.9029198,9671.72852
0.00380021008,264.811096,58.5185509,9774.94141
0.00390070095,268.097992,58.2041092,9869.14062
0.00400044303,272.481812,54.1270714,9920.13184
0.00410018815,278.830292,47.4754486,9910.34277
0.00420068298,283.186615,41.0388184,9840.40332
0.00430042995,280.09259,37.0223999,9727.65918
0.00440017693,269.269409,36.9572983,9606.90918
0.00450067595,252.430496,39.9187012,9527.84277
0.00460042479,239.1716,45.2917099,9536.96582
0.00470017502,239.817993,51.7492294,9642.63379
0.00480067497,260.686401,59.045929,9793.63379
0.00490042614,290.467285,66.0979767,9918.62695
0.00500017777,307.863586,70.5873108,9983.82227
0.00510068098,298.99411,72.2070465,9999.26855
0.00520043401,272.780396,70.424881,9990.46094
0.00530018797,252.123093,63.6053314,9967.77148
0.00540069398,255.220001,52.2637405,9929.53418
0.0055004498,278.567596,38.9027214,9881.53516
0.00560020702,296.286499,29.1114502,9852.0957
0.00570071582,285.949585,29.0192604,9868.83984
0.0058004749,253.864197,42.3388901,9921.23047
0.00590023585,230.033401,69.6885376,9960.98438
0.00600074884,234.750305,107.514999,9951.01367
0.00610051211,260.324493,148.860199,9908.16602
0.00620027678,286.418793,184.792297,9868.64453
0.00630004192,297.606689,204.631699,9835.80664
0.00640056003,293.550812,203.272293,9795.59473
0.00650032796,276.928802,178.4272,9772.48828
0.00660009682,251.599503,132.128098,9814.25879
0.00670061819,228.888901,71.8400116,9913.7207
0.00680038985,214.367798,10.8192701,9998.56934
0.00690016197,199.647003,-39.2372894,10017.3799
0.00700068614,181.188095,-70.4876785,9976.97266
0.00710046012,170.6548,-78.0783234,9892.13867
0.00720023504,182.488998,-62.0913811,9764.57129
0.00730000995,214.949097,-27.8123093,9632.22168
0.00740053505,257.473511,14.0619097,9571.81641
0.00750030996,295.180908,52.4303589,9628.35254
0.00760008488,312.808807,81.3029099,9769.4873
0.00770060997,307.239594,96.0671997,9926.34375
0.00780038303,292.302399,94.677803,10031.0195
0.00790015515,281.001312,79.2466736,10035.3896
0.00800067745,270.016296,56.3490906,9929.55371
0.00810044538,257.949493,31.8633099,9766.13672
0.00820062403,248.8703,10.2299995,9625.47266
0.00830031466,242.720993,-4.28856993,9578.56348
0.00840000529,238.734802,-9.78695679,9649.44922
0.00850044005,246.0905,-7.08386087,9796.52148
0.00860013068,264.803406,3.23598599,9920.97363
0.00870056543,279.005005,20.1950092,9944.10254
0.00880023558,274.742096,39.6456718,9852.14453
0.00890067033,250.344803,56.9381218,9690.56934
0.00900036097,211.648499,66.7372208,9542.07617
0.0091000516,173.833206,65.0988235,9489.71094
0.00920072012,157.481598,49.5222511,9574.07324
0.00930064172,169.490601,21.8470097,9757.69922
0.00940056331,203.739395,-11.7243204,9952.94629
0.00950043183,249.633408,-42.3062096,10064.5098
0.00960030127,291.386108,-62.8012695,10038.4004
0.00970022287,313.063202,-67.549942,9892.05566
0.00980009139,312.250793,-55.696209,9704.91211
0.00990001298,301.336487,-29.9902897,9570.05176
0.0100006601,294.075104,2.49012089,9550.42578
0.0101005305,300.580688,34.7118912,9657.95898
0.0102003897,322.772186,63.01437,9837.62988
0.0103002097,354.109985,82.5290527,9993.28516
0.0104006296,376.522888,91.6106262,10041.6602
0.0105002699,372.329895,91.2512512,9960.01758
0.0106006404,337.050903,83.9814301,9792.68066
0.0107002398,281.755615,72.5031662,9628.94824
0.0108005898,228.058807,59.350071,9552.84277
0.0109001799,201.921799,47.6705513,9602.55762
0.0110005001,211.422302,38.8757286,9749.11523
0.0111007504,246.316299,35.5769997,9912.18164
0.0112001197,285.587799,38.9282188,10001.6201
0.0113003496,303.424011,48.7055588,9964.17871
0.0114003802,282.524689,61.3893585,9812.50488
0.0115002003,226.522507,74.4836884,9622.55078
0.0116002196,158.738098,86.5181808,9482.76465
0.0117003797,109.369102,94.2333221,9451.19141
0.0118003301,96.9246597,95.7424774,9529.05859
0.0119003002,127.792099,92.7806625,9660.79199
0.0120003698,190.784195,88.1007004,9763.41406
0.0121005801,259.742615,83.174057,9772.03027
0.0122005604,311.0383,81.0862427,9672.85156
0.01230036,329.264008,83.0190887,9507.54395
0.0124005396,314.177887,87.9210815,9351.07813
0.0125000104,284.298004,94.9147873,9274.77734
0.0126007097,262.063904,103.207703,9302.87891
0.0127000902,267.286102,111.6586,9403.28125
0.0128000202,302.884705,118.848297,9509.15039
0.0129006803,354.798401,124.710602,9551.45898
0.0130005199,399.576294,129.375504,9497.23926
0.0131001603,416.811188,132.249802,9367.80664
0.0132005196,399.905792,132.542603,9219.53906
0.0133005604,362.548889,130.176102,9116.84668
0.0134003703,330.339386,126.2519,9092.57617
0.0135000097,324.041199,122.190201,9133.45215
0.0136001501,348.412598,117.993202,9189.16992
0.0137004601,393.7276,115.028198,9200.29883
0.0138007104,440.864594,115.157898,9135.15039
0.0139001198,468.997498,118.320396,9006.38574
0.0140000097,461.920807,121.731003,8857.44336
0.0141005702,418.324799,123.8423,8743.23145
0.0142005701,353.414215,124.864403,8699.17871
0.0143003101,287.640686,123.693497,8717.44336
0.0144007197,242.021103,120.481201,8760.04199
0.0145001896,231.915298,117.692299,8781.9043
0.0146000804,257.343994,117.820801,8755.11523
0.0147003997,304.013397,121.926804,8681.21387
0.0148003902,349.927185,128.915802,8593.37305
0.0149004599,380.684601,137.236099,8533.63965
0.0150004001,393.633301,144.975693,8525.46484
0.0151005397,397.723389,150.420502,8559.33887
0.0152002098,408.478088,152.0952,8602.92969
0.0153000504,435.4245,149.645493,8624.2666
0.0154001601,476.971893,144.690796,8607.84766
0.0155002195,520.06543,138.816498,8561.78027
0.0156006096,544.991577,133.3181,8510.50586
0.0157001596,539.024475,127.750999,8482.7832
0.0158005096,502.366791,122.515701,8495.55469
0.0159001593,446.654602,118.237198,8544.38867
0.0160006005,389.747498,114.453201,8608.50879
0.0161000509,348.7388,112.196098,8665.12695
0.0162003301,328.132202,111.874496,8703.0127
0.0163005199,325.873596,112.904602,8722.02344
0.0164003093,331.305603,114.238297,8734.04395
0.0165000092,337.738586,114.5019,8755.2041
0.0166003406,343.091705,112.791901,8790.11328
0.0167007092,343.380798,107.680397,8825.62402
0.0168005005,339.440796,100.5886,8842.78027
0.0169000197,339.255096,93.9981537,8833.26367
0.0170000102,350.091492,89.9303436,8801.60352
0.0171004497,375.488586,90.2533493,8766.46777
0.0172006208,413.757385,95.9782333,8754.03711
0.0173007101,460.495789,106.163101,8779.00586
0.0174003597,501.833313,118.698997,8831.38086
0.0175004192,521.629822,131.459,8888.0752
0.0176003408,522.282227,142.559494,8918.19922
0.0177006405,514.414124,151.570297,8885.41895
0.0178001393,497.164215,158.844803,8761.23438
0.0179004502,475.87381,166.447495,8539.77539
0.0180007201,463.889404,175.569595,8245.70313
0.0181004591,461.694611,186.180603,7919.75684
0.0182002299,462.016602,197.673798,7610.5498
0.0183004104,475.407806,208.508804,7371.91699
0.0184000693,514.418274,216.845795,7254.65723
0.0185005404,566.610718,221.575806,7300.17822
0.0186005197,623.330078,220.530502,7554.229
0.0187003799,689.193481,212.232605,8070.15479
0.0188002698,749.751404,194.914703,8879.67578
0.0189005993,810.367187,166.508102,9937.6416
0.0190006495,884.278687,127.349503,11066.3398
0.0191005394,962.166687,80.9596481,12017.8398
0.0192002393,1025.55103,33.7238884,12565.46
0.0193007197,1022.18201,-7.29313898,12605.5303
0.0194004998,940.718323,-35.0445404,12189.8203
0.0195003692,809.798096,-45.2640419,11499.7803
0.0196005292,636.39563,-35.1373711,10781.1504
0.0197005793,446.492401,-1.28450799,10256.5801
0.0198005997,234.145599,56.3208008,10015.9404
0.0199005194,-16.9683495,132.452805,10000.5801
0.0200002994,-265.314392,219.030594,10058.3799
0.02010029,-481.591003,303.57309,10022.7197
0.0202002097,-672.607971,370.457092,9801.47656
0.0203005206,-821.992493,405.66449,9448.20605
0.0204002094,-911.957214,399.058105,9124.71777
0.0205000993,-931.533081,349.337402,8966.37793
0.0206006691,-834.523315,269.064301,8991.30859
0.0207004305,-607.349976,183.081604,9107.2168
0.0208007097,-309.505707,119.156601,9211.88965
0.0209000595,-1.76780796,103.729797,9225.85352
0.0210006405,284.057098,153.290695,9053.6748
0.0211000405,463.496887,264.437592,8658.2334
0.0212001298,492.670105,418.6875,8154.47803
0.0213003308,405.281403,582.155029,7741.78223
0.0214006696,257.217285,717.143921,7526.05078
0.0215001609,66.4750824,797.07428,7507.50586
0.0216002502,-129.363403,821.050781,7638.02295
0.02170006,-290.39621,800.151123,7814.44824
0.02180041,-469.680603,754.021423,7911.38281
0.0219004396,-681.962585,708.014771,7850.88623
0.0220001601,-883.249084,678.288208,7645.11719
0.0221000295,-1083.41504,667.179016,7373.49609
0.0222000591,-1209.02405,665.978882,7142.99707
0.0223005209,-1188.80505,666.344421,6996.43408
0.0224003401,-1056.604,667.469971,6895.47217
0.0225004703,-804.374512,679.260925,6808.43115
0.0226005204,-512.634094,720.165894,6721.89502
0.0227003098,-269.75,805.094788,6626.18408
0.0228002593,-27.4572601,944.534485,6533.10791
0.0229007006,206.617096,1131.88696,6477.10205
0.0230006799,401.156494,1333.40503,6513.40186
0.0231005494,581.218689,1503.828,6711.9292
0.0232005697,742.17627,1608.07605,7097.01221
0.0233002398,896.750671,1628.78796,7609.6499
0.0234005507,1063.68201,1569.27002,8140.66797
0.0235003494,1248.02295,1469.45703,8573.48242
0.0236006305,1424.92395,1381.146,8833.55078
0.0237003006,1521.03198,1339.33105,8860.68164
0.0238003898,1509.31897,1363.09497,8652.00586
0.0239004605,1384.72095,1448.75806,8283.55957
0.0240002703,1149.38098,1558.13196,7874.31689
0.0241004005,874.069214,1640.48804,7476.89697
0.02420035,617.866089,1673.70105,7052.229
0.0243003294,412.55249,1652.026,6561.0332
0.0244005602,283.858185,1590.72803,6025.11719
0.0245000403,179.017899,1531.11096,5536.98389
0.0246003307,44.3219719,1509.30505,5231.88086
0.0247005895,-90.4529266,1531.54199,5242.23584
0.02480001,-213.065506,1586.31299,5548.55713
0.0249000397,-269.025513,1655.69299,6012.17383
0.0250004102,-197.707596,1714.97705,6441.92578
0.0251005907,-54.2086487,1744.86206,6671.57812
0.0252002701,149.746994,1742.48303,6645.82324
0.0253003407,443.253601,1715.60205,6416.00195
0.0254000593,762.843323,1674.35901,6091.78906
0.0255006291,1072.05005,1634.83704,5793.09424
0.0256005209,1374.92603,1611.91504,5599.37793
0.0257002693,1640.41797,1610.54297,5489.56592
0.0258000102,1847.23901,1629.70105,5393.1958
0.0259003509,2049.03906,1665.71204,5254.63818
0.0260006394,2236.21704,1706.51099,5076.56201
0.0261002406,2320.19189,1738.073,4949.229
0.0262005404,2265.802,1749.01697,5004.84717
0.0263001807,2071.75391,1741.78601,5272.65479
0.0264006406,1755.15601,1726.55103,5675.73877
0.0265003499,1428.07996,1714.146,6143.85596
0.0266006496,1205.19495,1712.97205,6623.48682
0.0267001297,1125.23706,1722.74902,7013.18799
0.0268003792,1173.09705,1739.97302,7258.79492
0.0269006491,1280.09399,1755.80396,7386.16602
0.0270003006,1356.74805,1760.91199,7491.41992
0.0271004196,1366.60999,1748.47705,7685.77295
0.0272006206,1314.896,1720.49902,8019.59814
0.0273001995,1217.48096,1690.14697,8430.7207
0.0274003502,1087.73303,1669.05505,8818.64258
0.0275000893,898.665527,1663.84204,9125.0
0.0276004802,612.538391,1675.50305,9342.62695
0.0277005602,260.457886,1697.66101,9481.62012
0.0278005898,-87.3568802,1717.22998,9572.99414
0.0279002208,-398.296814,1721.81494,9637.76172
0.0280005392,-669.905518,1703.00903,9678.21875
0.0281001702,-891.990112,1659.81201,9690.74316
0.0282000899,-1093.73303,1606.29199,9673.31641
0.0283004399,-1300.82104,1556.91602,9628.86816
0.0284004696,-1445.16003,1523.10999,9604.62109
0.0285002496,-1500.23401,1513.03503,9660.76855
0.0286006294,-1489.57898,1527.65906,9816.81836
0.0287000202,-1391.62805,1558.11401,10112.2002
0.0288000703,-1240.73303,1592.28198,10691.0098
0.0289002191,-1082.69604,1619.25098,11765.6504
0.0290004909,-923.71698,1626.854,13514.7803
0.0291000903,-742.162476,1608.70105,15755.9297
0.02920039,-450.033508,1568.68201,17613.0293
0.0293006692,-98.1623688,1509.672,17865.0801
0.0294002295,3.34309506,1441.08801,16506.3301
0.0295004901,-377.564301,1370.89197,15207.6396
0.0296001304,-942.532227,1298.54895,15419.8496
0.0297007002,-1075.34595,1219.11206,16344.4902
0.0298005398,-832.130981,1131.58704,16482.5293
0.0299003609,-953.720276,1048.396,16367.1104
0.03000018,-1577.73303,990.181396,17211.6895
0.0301001891,-2224.51196,967.463074,18012.3594
0.0302001499,-2859.78296,972.888184,17114.8594
0.0303000901,-3537.29492,983.863281,15543.3301
0.0304000303,-3802.40796,973.620911,15300.9902
0.0305000693,-3620.198,918.480896,15983.0195
0.0306002107,-3630.34595,813.839722,16297.2197
0.0307003409,-3839.17603,673.488525,16813.6406
0.0308004692,-3687.51196,529.651917,18272.8496
0.0309005994,-3206.51611,414.360291,19528.8906
0.0310000293,-2723.47412,343.805206,19391.5293
0.0311001502,-2313.80298,316.92569,18360.2109
0.0312002692,-2248.54297,330.972412,17439.9492
0.0313003808,-2849.59204,380.455109,16893.5996
0.0314003602,-3777.27808,463.128387,16564.9004
0.0315004215,-4303.86279,577.439819,16446.6191
0.0316001996,-4189.33789,719.410828,16627.0801
0.0317004696,-3845.22607,880.359802,16946.9395
0.0318005718,-3720.48999,1040.54395,16978.8203
0.0319002196,-3884.58911,1178.09497,16547.6797
0.0320000686,-4231.15576,1276.65796,15959.8896
0.0321002789,-4614.15479,1333.62097,15548.8096
0.0322000012,-4733.86523,1343.05396,15466.4404
0.0323000401,-4453.23291,1304.04395,15863.8096
0.0324005708,-4065.57104,1235.09302,16673.0293
0.0325001292,-3834.13794,1164.87195,17283.6406
0.0326001197,-3724.40991,1103.77698,17102.5293
0.0327005684,-3750.375,1064.02197,16149.9404
0.032800369,-3874.573,1067.71106,14959.1104
0.0329001211,-3975.84595,1121.45203,13974.5801
0.0330004804,-4023.06396,1209.09802,13313.7598
0.0331001207,-4065.06299,1318.28296,12978.5703
0.0332004502,-4169.68018,1436.62598,13030.2598
0.0333000906,-4391.47119,1543.17505,13421.0596
0.0334004015,-4706.17285,1634.33105,13799.0898
0.0335006304,-5084.771,1701.82605,13783.9697
0.0336000994,-5559.5791,1745.19702,13375.75
0.0337002687,-6199.98486,1775.802,12822.8398
0.0338004604,-6895.48096,1807.73499,12339.3301
0.0339006782,-7419.40381,1843.59302,11987.9004
0.0340001397,-7732.09082,1884.25,11752.8496
0.0341002196,-7853.51807,1933.45898,11648.0303
0.0342005193,-7781.28711,1988.09497,11649.1504
0.0343000405,-7702.86816,2046.677,11550.5098
0.0344001912,-7802.89014,2110.44507,11138.0098
0.0345002897,-8090.58105,2170.15088,10513.0703
0.0346003808,-8535.69629,2235.927,10034.7998
0.0347004384,-9057.68066,2313.65503,9961.66504
0.0348005109,-9581.9873,2394.29395,10428.2402
0.0349005796,-10038.6504,2478.41797,11602.3896
0.0350006483,-10363.3896,2560.09912,13517.3604
0.0351000391,-10613.3301,2638.69507,15680.5996
0.0352001116,-10775.9004,2705.32397,17148.7305
0.0353001691,-10868.4199,2757.84204,17133.1094
0.0354002304,-11153.9805,2797.01611,15941.9297
0.0355002992,-11737.2998,2827.46094,14933.2998
0.0356003717,-12297.2598,2863.9751,15169.6104
0.0357002914,-12322.04,2907.08008,16156.3799
0.0358003192,-11713.8301,2953.11401,16654.4902
0.0359002911,-11026.9404,3020.56104,16598.1797
0.036000479,-10654.7803,3121.83203,17008.4297
0.0361004397,-10454.9199,3254.34912,17872.3203
0.0362001285,-10231.5303,3400.97998,17871.6406
0.0363002196,-10000.3799,3530.40894,16738.1699
0.0364000686,-9882.86133,3608.96704,16185.7197
0.0365006216,-9924.93848,3619.92896,17535.0605
0.0366006307,-10017.4199,3555.65698,19744.1602
0.0367003493,-10023.29,3422.31396,20882.5508
0.0368003696,-9926.65332,3254.45093,20613.9004
0.0369006284,-9961.51855,3099.61304,20186.6797
0.0370003209,-10172.9404,2997.19897,20311.5391
0.0371005498,-10220.4902,2981.82788,20132.9199
0.0372001007,-10043.1299,3057.99512,18931.1504
0.0373006687,-10072.8701,3222.63794,17702.6094
0.0374005698,-10337.9697,3452.91602,17723.8594
0.0375004783,-10405.3604,3715.03003,18210.1309
0.0376004092,-10256.0898,3953.56104,17620.4395
0.0377002805,-10173.5303,4130.00879,16349.7197
0.0378002189,-10150.3896,4216.29785,15858.5498
0.0379001498,-10240.9697,4199.2959,16103.0596
0.0380000807,-10692.9697,4090.75903,16127.6104
0.0381000191,-11335.9697,3924.90894,16018.2002
0.0382006206,-11814.8701,3750.3999,16344.9502
0.0383005403,-12244.21,3601.22412,16818.5898
0.0384004489,-12782.54,3494.9231,16890.4902
0.03850035,-13151.4297,3464.3501,16608.5391
0.0386003107,-13284.71,3522.71509,16251.7002
0.0387000293,-13458.8896,3647.49194,15879.7197
0.0388001502,-13685.9102,3793.54102,15529.5898
0.0389002785,-13780.3203,3918.26392,15371.8604
0.039000161,-13749.1396,3994.48193,15593.7402
0.0391004011,-13617.3301,3992.62598,16168.2002
0.0392001793,-13355.8203,3911.53491,16702.7793
0.0393002704,-13021.2998,3788.54199,16830.8301
0.0394002385,-12807.1797,3678.85596,16774.4902
0.0395002104,-12791.9502,3626.98901,17081.4492
0.0396001898,-12731.29,3631.18799,17751.8301
0.0397001505,-12366.2598,3660.14404,18220.3809
0.0398001,-11780.1904,3689.96997,18166.4395
0.0399000496,-11178.2197,3701.72095,17908.4297
0.0399999991,-10719.7803,3683.32202,17886.1309
0.0401006304,-10503.0801,3639.97803,18103.0605
0.0402005799,-10414.0498,3600.4939,18186.8594
0.0403005295,-10371.5703,3596.04492,17937.7695
0.040400479,-10483.04,3648.6521,17631.5703
0.0405004397,-10751.0801,3753.76807,17633.0293
0.0406003892,-10997.5703,3883.15796,17764.8906
0.0407003388,-11068.8496,3998.67407,17522.2598
0.0408002809,-10992.9697,4065.81104,16920.6895
0.0409002192,-10875.4697,4077.18701,16584.9902
0.0410001688,-10798.1104,4040.13696,16940.3594
0.0411000997,-10812.6602,3967.5459,17666.0293
0.0412000418,-10853.3799,3885.896,18025.0293
0.0413006693,-10802.1602,3819.74097,17489.0293
0.0414006598,-10784.7305,3786.36304,16099.0498
0.041500669,-10981.0801,3795.50708,14460.1299
0.0416006707,-11286.1602,3858.03809,13338.7402
0.0417006798,-11510.5596,3952.88892,12962.7305
0.0417999998,-11578.5898,4052.29712,12804.0596
0.0419000089,-11538.1201,4144.5542,12258.2305
0.0420000218,-11587.0996,4236.41211,11385.8398
0.0421000309,-11821.6504,4328.73291,10744.1602
0.0422000401,-12062.4697,4420.33594,10586.0195
0.0423000604,-12017.5996,4506.73193,10568.5801
0.0424000695,-11647.71,4587.90479,10363.2803
0.0425000712,-11266.5303,4658.77881,10176.8604
0.0426000692,-11205.9102,4707.14893,10418.71
0.0427000709,-11443.8398,4738.1748,11019.4404
0.04280008,-11695.7305,4763.20801,11360.3398
0.0429000817,-11726.6201,4783.9209,10938.0703
0.0430000797,-11533.1504,4802.93896,9921.29687
0.0431000814,-11357.6797,4819.63379,8981.6543
0.0432000794,-11450.6396,4832.56982,8682.03223
0.0433000699,-11763.1299,4833.15283,9076.74414
0.0434000492,-11995.6396,4826.53076,9795.10937
0.0435006209,-12026.1299,4829.10498,10356.6797
0.0436005816,-11983.3096,4849.76416,10504.7998
0.0437005498,-12137.6797,4879.5332,10425.25
0.0438005105,-12680.5195,4898.13623,10596.2197
0.0439004786,-13508.3398,4878.54883,11339.29
0.0440004505,-14300.7998,4797.33594,12545.6299
0.0441004112,-14785.3604,4658.5249,13821.5
0.0442003794,-14942.1699,4488.2749,14800.9102
0.0443003587,-14931.4102,4329.25195,15252.2998
0.0444003195,-14984.4697,4216.71582,15114.1504
0.0445002988,-15177.79,4170.04785,14578.6504
0.0446002707,-15419.8496,4184.87207,14091.8604
0.04470025,-15588.8604,4237.3042,14072.4502
0.0448002294,-15612.04,4299.43799,14624.0
0.0449002087,-15588.7695,4353.4541,15546.71
0.0450001918,-15649.6699,4406.12109,16600.1895
0.0451001711,-15804.6797,4476.5542,17629.1797
0.0452001505,-15976.5098,4560.89209,18490.0898
0.0453001186,-16021.0596,4638.80615,18932.8906
0.0454000905,-15972.9004,4685.79492,18748.4297
0.0455000401,-16135.4199,4676.53711,18157.9297
0.0456006788,-16707.2598,4596.2749,17884.2109
0.0457006209,-17495.5391,4462.64893,18559.7891
0.0458005518,-17968.0801,4321.61279,20115.9297
0.045900479,-17829.8906,4227.36523,21892.6309
0.0460004099,-17363.1699,4219.73389,23143.0703
0.0461003296,-16951.5293,4306.44824,23408.9805
0.0462002382,-16974.1602,4469.021,22691.1191
0.0463001691,-17589.6602,4658.31689,21538.1895
0.0464000702,-18370.8301,4799.67285,20945.25
0.0465000197,-18795.9395,4829.85986,21797.9004
0.046600651,-18662.5293,4723.479,24201.3398
0.0467006601,-18182.4609,4494.24219,27251.75
0.0468000583,-17926.8594,4195.34619,29813.5703
0.0469001383,-18289.4707,3902.22192,31257.3398
0.0470002294,-19170.9199,3702.47998,31457.25
0.0471002907,-20105.9902,3633.64697,30764.7891
0.047200501,-20566.0195,3681.08008,29989.8594
0.0473000295,-20389.2109,3777.87402,30100.3906
0.0474002399,-19897.6602,3836.19995,31563.8906
0.0475004688,-19593.5801,3798.99707,33943.4492
0.0476005897,-19812.3691,3670.60791,36231.2109
0.0477002412,-20535.8203,3518.94702,37558.9297
0.0478005782,-21584.7305,3429.70288,37647.8984
0.0479002409,-22856.0,3470.5791,36819.7305
0.048000589,-24304.9004,3655.896,35796.5195
0.0481002703,-25880.2402,3929.58008,35367.1094
0.0482006297,-27541.8809,4205.19287,35949.5781
0.048300311,-28970.4102,4395.61377,37376.8281
0.0484006703,-29876.3809,4468.59424,39103.3398
0.0485003591,-30204.2598,4451.51416,40777.4883
0.0486000404,-30260.9004,4409.84424,42645.0195
0.0487004109,-30421.6094,4403.95801,45027.2109
0.0488000885,-30635.0996,4452.17188,47717.6719
0.048900459,-30852.8809,4510.44678,50235.3594
0.0490001403,-31025.1406,4491.40283,52090.8008
0.0491005108,-30854.5801,4292.21582,53287.5898
0.0492001884,-30430.9707,3926.14893,54282.4609
0.0493005589,-30103.7109,3632.75195,55659.4297
0.0494002402,-29836.6992,3776.88501,57542.7891
0.0495005995,-29651.7891,4608.67383,59747.6484
0.0496002808,-29539.5996,6160.13184,61892.8008
0.0497006401,-29270.25,8224.9668,63506.3008
0.0498003103,-28894.3496,10268.8301,64199.9414
0.0499006696,-28301.25,11707.6299,64162.75
0.0500003397,-27481.5391,12160.5596,64130.7695
0.0500999987,-26686.1094,11680.5996,65132.7891
0.0502003506,-25899.5801,10583.6904,67933.4609
0.0503001809,-25320.7598,9415.11328,71982.7266
0.050400041,-25235.0098,8645.83887,75640.0703
0.0505005904,-25278.9609,8395.73437,77851.0234
0.0506004393,-25090.1602,8486.1416,79028.3984
0.0507002994,-24549.5098,8629.77148,80148.8437
0.0508001596,-23369.8398,8520.46387,81641.5391
0.0509000197,-21521.3496,8010.12793,83543.6172
0.051000569,-19687.7598,7266.31299,86109.3437
0.0511004291,-18674.1992,6572.24316,89703.2734
0.0512003005,-18616.2109,6080.64111,94170.9219
0.0513001606,-19139.3691,5887.73291,98243.3437
0.0514000207,-19613.5605,5983.37891,100370.703
0.0515005812,-20072.2207,6269.48193,100103.797
0.0516004488,-20987.9805,6650.07715,98576.7266
0.0517003201,-22594.0508,7141.52686,97341.7969
0.0518001914,-24768.3496,7790.15186,97001.5781
0.051900059,-26868.9707,8618.39746,97271.0469
0.0520002916,-28150.2793,9593.52637,97686.8125
0.05210042,-28268.6309,10566.9297,97673.9687
0.0522003695,-27711.9004,11341.6602,96403.2031
0.0523003191,-27283.7109,11799.1504,93445.2422
0.0524002798,-27369.0898,11937.3496,89610.6875
0.0525002405,-27936.0391,11823.8496,86678.0234
0.0526001789,-28388.7109,11567.8896,86055.3125
0.0527001396,-28004.9707,11249.0801,87665.7422
0.0528001003,-26762.6992,10821.3301,90308.9609
0.0529000498,-25198.4902,10217.6797,92636.4063
0.0530000106,-23889.3008,9442.45313,93609.2188
0.0531006493,-23151.8809,8534.61719,92757.9687
0.05320061,-22827.4609,7640.39014,90771.0469
0.0533005595,-22482.2695,6910.51318,89265.9922
0.0534000918,-21740.9805,6415.65576,89451.7812
0.0535003617,-20600.4199,6083.83203,91153.4219
0.0536006205,-19481.3809,5812.26318,93191.1797
0.05370019,-18850.8105,5539.88086,94465.6484
0.053800039,-18796.9102,5234.32813,94485.7969
0.0539002903,-19281.7695,4954.22119,93078.8516
0.054000549,-20145.2207,4841.49707,90550.4531
0.0541000888,-21083.5,4958.46289,87937.2969
0.0542003401,-21916.3008,5290.58398,86155.0469
0.0543005988,-22503.9707,5724.67188,85308.8437
0.0544001311,-22704.9297,6109.94482,84928.4297
0.0545003787,-22464.9805,6374.19678,84677.7266
0.05460063,-21847.3809,6485.49707,84565.0391
0.0547001697,-21200.3594,6470.45801,84625.0625
0.0548002683,-20814.8594,6398.58398,84884.1094
0.0549000092,-20786.5703,6338.32324,85151.7969
0.0550004393,-21164.4297,6284.98486,85203.1797
0.0551004112,-21811.3105,6207.60205,85082.3594
0.0552004017,-22327.4395,6067.09424,84930.5469
0.0553005412,-22520.1094,5827.84619,84805.6172
0.0554000288,-22427.8105,5494.26123,85119.0312
0.0555002317,-22089.9902,5110.97998,86568.0
0.0556004196,-21521.7793,4713.56201,89041.0703
0.0557006188,-20922.25,4309.09912,91363.8984
0.0558000989,-20546.8496,3932.17505,92463.2109
0.0559002906,-20498.2109,3599.23804,92010.8828
0.0560005009,-20841.1406,3325.99097,90273.0625
0.0561000109,-21488.2891,3115.26099,88098.6563
0.0562002286,-22099.6992,2958.55396,86599.2266
0.0563004389,-22375.4199,2847.34692,86619.8125
0.0564006492,-22433.4902,2744.00708,88268.2266
0.0565003492,-22552.5293,2621.9231,90675.1563
0.0566000901,-22752.8008,2498.55493,92245.8281
0.0567000806,-23237.9004,2417.27808,91648.4375
0.0568004511,-23993.2402,2392.59106,88934.3438
0.0569001101,-24767.0605,2429.96899,85453.2266
0.0570000894,-25410.8809,2527.54004,82781.6016
0.057100039,-25809.1895,2640.58398,82205.2266
0.0572006293,-25923.0703,2728.86694,83997.0469
0.0573001802,-25877.1504,2800.49902,86895.5234
0.0574004315,-25889.6895,2891.90601,88901.5937
0.057500679,-26089.2109,3032.91309,88397.2422
0.057600081,-26537.9805,3235.61694,85189.1484
0.0577005707,-27319.0098,3493.94189,80562.8906
0.0578006208,-28248.1504,3742.26392,76782.5234
0.0579000711,-29005.1992,3913.30811,75329.4609
0.0580003113,-29369.8203,4007.71899,75981.3906
0.0581005514,-29163.3301,4040.58008,76862.9766
0.0582005307,-28486.9395,4056.18188,75578.9609
0.0583005399,-27895.7305,4096.10889,71443.4531
0.0584005602,-27982.3906,4161.35498,66012.3203
0.0585005507,-28661.1602,4206.59619,60869.3789
0.0586006902,-29014.1309,4230.36621,56467.5508
0.0587006696,-28851.3301,4248.104,53352.9805
0.0588001385,-28958.9707,4333.11914,52159.1602
0.0589003712,-28774.75,4701.27979,52304.6094
0.0590006001,-27718.3203,5493.84424,52206.2617
0.0591001213,-28411.8809,6478.604,51083.8398
0.059200149,-30039.7598,7291.61816,49771.5586
0.0593003705,-28229.4395,7710.37402,49559.5117
0.0594006889,-27311.7695,7572.85986,49935.4687
0.0595001504,-29144.4395,6782.69922,49113.0312
0.0596001893,-29980.3398,5641.68799,46550.4102
0.0597001091,-31778.0,4753.02295,42167.4688
0.0598001294,-32688.5098,4469.35303,35914.3203
0.0599006489,-31613.3906,4849.64893,28557.4395
0.0600001998,-31081.0195,5670.41699,21787.8496
0.0601000711,-29875.0,6568.229,17532.9492
0.0602006391,-29074.8594,7270.16309,15529.71
0.0603003986,-29459.3906,7664.12695,13152.8096
0.0604002587,-29858.7207,7877.49414,7872.12793
0.0605001412,-30606.1094,8181.88623,-720.37677
0.0606006384,-30869.6992,8912.08398,-9631.60547
0.0607003197,-30407.5293,10352.6201,-14763.6699
0.0608001985,-29304.6309,12597.5098,-14086.0195
0.0609005801,-26505.4297,15247.2197,-7886.28613
0.0610004589,-21443.9395,17541.4395,1233.11597
0.0611002892,-14916.1396,18961.6406,9658.62695
0.0612005405,-8899.80273,19291.1504,14108.3301
0.0613001995,-4502.68311,18448.2793,13845.9199
0.0614006482,-1078.36304,16731.9492,11423.1201
0.0615002289,1671.01001,14987.3799,11007.9404
0.0616006218,3859.83496,13870.8604,15777.3496
0.0617006794,5409.05518,13622.0596,25718.1094
0.0618006401,5732.62793,14167.71,37767.3516
0.0619005412,4032.146,15150.25,47838.0391
0.0620004386,45.2735596,16026.96,52822.8086
0.0621002987,-5253.02002,16419.6797,52260.4492
0.062200211,-11038.4404,16178.4697,48623.75
0.0623002611,-16761.5898,15256.9902,45923.0703
0.0624004602,-22247.6191,13992.79,47352.1094
0.0625005364,-27627.4609,12959.9297,53714.8281
0.0626004264,-32686.7891,12496.3799,62862.8711
0.0627005622,-37077.0117,12675.1396,70785.3828
0.0628000125,-40291.1211,13426.9004,74167.4922
0.0629002228,-42111.8008,14531.8203,72435.1562
0.0630006269,-43167.75,15647.04,67807.1406
0.0631001517,-43739.7383,16379.6797,64536.4805
0.063200362,-43718.0391,16578.0996,66128.2266
0.0633005798,-42442.3008,16323.0098,73478.8984
0.0634000972,-39176.5313,15919.6299,84645.6563
0.0635003075,-34463.5391,15596.0,96022.0078
0.0636005327,-29082.1797,15363.2002,103961.898
0.0637000427,-24561.6895,15181.25,107511.398
0.0638002604,-22666.6699,14796.2402,108646.398
0.0639004782,-23506.2891,14050.2002,110204.703
0.0640007034,-26241.6094,12906.9805,114069.398
0.0641002133,-29494.0703,11473.1299,120392.602
0.0642004311,-31617.7207,10009.21,127684.203
0.0643006414,-31792.1406,8920.18164,133185.703
0.0644001737,-30413.1094,8433.2168,134841.703
0.0645003766,-29077.2402,8590.32227,132287.203
0.0646005869,-30250.2207,9676.07617,126845.297
0.0647001117,-34723.6406,11337.3896,121479.102
0.0648003295,-42545.6602,12288.46,116967.297
0.0649005473,-51740.8008,12893.5596,113098.898
0.0650000572,-59922.6797,13269.6504,109894.297
0.0651006699,-64948.3516,13115.0801,106204.398
0.0652004406,-66650.6719,11954.3799,100642.898
0.0653000772,-66542.1875,11002.3301,96264.1328
0.0654003024,-65819.1562,11278.4004,95430.4375
0.0655004829,-65360.9492,12177.54,97854.4375
0.0656000674,-63558.8594,13941.54,103981.797
0.0657003969,-59124.5195,14890.6504,112803.398
0.0658000186,-55418.3516,15406.4004,119985.703
0.0659003183,-53950.4297,16274.79,124954.203
0.0660006329,-52673.1602,15847.5703,127203.898
0.0661002696,-51916.9102,14572.5703,125919.398
0.0662000924,-53776.0117,14706.0195,123415.203
0.0663000271,-59111.6992,15528.4199,123268.0
0.0664000586,-63022.4883,15158.6699,125122.703
0.0665000528,-64385.6914,14907.9404,126039.297
0.066600062,-63605.3398,15429.2305,125443.602
0.0667000785,-60646.25,15788.29,124274.703
0.0668000877,-56347.1094,15727.21,122874.898
0.0669001117,-53667.1602,15560.6299,122044.898
0.0670001283,-53067.9492,15544.4004,121869.102
0.0671004131,-53193.1484,15838.9102,123049.5
0.0672005937,-53558.4805,16328.75,125021.203
0.0673002526,-55221.1914,16926.6699,125989.5
0.0674000233,-58173.1602,17266.1992,124938.797
0.067500487,-62336.4883,16888.5801,122477.5
0.06760028,-67166.1563,16169.9004,119270.0
0.0677000582,-71848.2031,15645.3203,116018.297
0.0678005368,-75740.3828,15441.04,113779.297
0.0679003224,-77865.8203,15550.3096,113292.602
0.068000108,-78759.3828,16164.4004,113473.0
0.0681005865,-79244.3906,16777.4199,114565.0
0.0682003796,-79794.0078,17552.7402,116224.898
0.0683001727,-80197.0078,18516.1504,117770.398
0.0684006512,-80231.5078,19341.8398,118841.297
0.0685004368,-78522.4531,20180.4707,119744.398
0.0686002299,-76843.8437,21074.8301,120713.898
0.068700023,-74346.8437,21745.6895,121940.297
0.0688005164,-72927.6797,21173.0605,123386.0
0.0689003021,-73253.5781,19996.3105,125755.797
0.0690000877,-73945.7969,19322.9492,128674.203
0.0691005737,-76130.6172,18483.7305,132344.297
0.0692003369,-78384.5938,17578.7891,136077.094
0.0693005696,-78648.5625,16774.4609,138397.0
0.0694002509,-78878.3828,15859.5596,140919.703
0.0695004463,-79325.0469,14673.1602,144055.094
0.0696005076,-81032.7266,13758.8496,146630.797
0.0697004199,-86519.0625,13461.5303,149067.297
0.0698004663,-92679.1719,13139.6201,150881.797
0.0699001402,-97871.3906,12502.1797,153081.703
0.0700000674,-102499.5,11738.3604,156291.0
0.0701000094,-103139.703,10521.2402,159530.797
0.0702006519,-101793.898,9777.36523,165278.094
0.0703005865,-99846.0469,10589.3896,173036.297
0.0704005212,-98648.9062,10424.25,180309.703
0.0705004632,-97755.6328,8884.10937,186442.594
0.0706003904,-98842.7969,6947.81689,192402.297
0.0707003325,-99584.5625,5735.30908,197780.797
0.0708002597,-97413.1719,4122.60889,202094.094
0.0709001869,-94298.2188,1467.05396,206567.0
0.071000129,-90032.0781,-977.092896,210495.797
0.0711000636,-86551.3125,-3318.81689,212413.0
0.0712006986,-85958.7422,-5259.33301,212314.203
0.0713006333,-87122.1797,-5482.37793,212068.0
0.0714005604,-90131.3828,-4445.10498,213171.906
0.0715005025,-94627.5625,-2741.85791,214956.906
0.0716004297,-97029.9062,-1444.698,216712.406
0.0717003569,-99905.3125,-25.8584309,219952.703
0.0718002915,-103338.703,435.965607,224115.203
0.0719002336,-104397.5,-782.889526,226288.094
0.0720001608,-103996.703,-2291.51807,228494.906
0.072100088,-103879.703,-2959.93188,229653.0
0.0722000226,-106665.797,-3325.11108,229223.094
0.0723006725,-111130.102,-3522.22998,227692.094
0.0724005997,-116017.398,-2896.58691,226969.906
0.0725005269,-119395.797,-1321.776,227801.5
0.072600469,-122371.797,241.043304,230342.797
0.0727003887,-124263.398,1924.91504,233473.203
0.072800301,-123237.5,3921.19702,235064.797
0.0729002133,-120456.5,6063.39502,235577.203
0.0730001032,-117311.898,7523.25195,234277.0
0.073100701,-115579.203,8871.89844,232411.797
0.0732005835,-115171.797,9990.48828,231469.0
0.0733003765,-114974.297,10571.2803,231853.203
0.0734006912,-115097.398,10837.0801,232343.906
0.0735005811,-114823.898,10350.3096,233325.906
0.0736002773,-115161.203,9968.2959,235652.703
0.0737004727,-116707.0,10711.6602,238173.5
0.0738006532,-119105.297,12686.1201,240213.203
0.0739001185,-119909.5,15408.71,243144.594
0.074000299,-121479.297,17988.1602,245939.906
0.0741004795,-124600.898,19821.8496,247037.0
0.07420066,-128369.898,20158.4902,247652.594
0.0743001401,-132824.5,19796.0898,247018.297
0.0744003206,-136288.0,19112.5996,244830.094
0.0745005086,-138935.297,18906.5,241821.406
0.0746006891,-142972.797,20244.6699,240195.5
0.0747001767,-148359.5,22329.9395,239927.297
0.0748005509,-149627.5,22266.5801,240596.0
0.0749002919,-147929.703,21732.2109,241865.5
0.0750000775,-146101.5,21805.1797,243295.297
0.0751005784,-145489.297,22133.6309,244757.797
0.0752003714,-145911.703,22958.1895,245523.797
0.0753001571,-150342.406,25058.0703,244880.5
0.075400658,-154875.406,26019.4805,242658.094
0.075500451,-159527.594,25841.6699,240112.094
0.0756002367,-162760.906,25789.3496,238094.594
0.0757000372,-163370.594,25800.7402,236035.594
0.0758006275,-162256.797,24989.25,234073.094
0.0759005994,-160174.5,24185.6797,233850.0
0.0760005787,-158591.906,24900.9902,236311.297
0.0761005729,-156917.5,25343.8203,239510.797
0.0762005672,-155999.797,25352.7305,242302.094
0.0763005763,-155461.594,24372.4902,244492.203
0.0764006004,-155235.594,23638.6309,246038.0
0.076500617,-154626.297,23080.5,246335.906
0.0766006708,-153486.0,22195.8203,245716.594
0.0767000094,-152196.797,21250.0098,245134.5
0.0768000782,-150848.594,20809.6406,244788.094
0.0769001618,-149457.0,20174.9805,243973.797
0.0770002529,-152978.5,19461.7891,242015.5
0.0771003664,-155241.406,19355.5391,240858.797
0.0772005022,-152788.203,19218.5195,239651.906
0.0773006529,-150380.0,19413.5391,236662.297
0.0774001181,-144661.906,19553.6895,229915.906
0.077500321,-136041.906,18855.5605,219288.203
0.0776005387,-129125.0,17591.5801,209021.203
0.077700071,-125565.602,16513.8398,204008.094
0.077800341,-124821.102,16768.5195,204865.203
0.0779006332,-124450.602,18385.7695,209769.406
0.0780004784,-123766.703,20875.8691,215035.906
0.0781000704,-126187.5,24342.8594,217674.703
0.0782004967,-128724.398,26765.1602,217108.703
0.0783003792,-130287.797,27230.6094,214934.0
0.0784002617,-131775.594,26345.0098,213096.094
0.0785001367,-131355.203,23586.2207,211180.594
0.0786000937,-131327.203,20786.1895,209276.203
0.0787001625,-130633.297,19554.7598,206374.5
0.0788002163,-126437.398,20532.3906,204136.094
0.0789003,-115997.102,23425.6309,204299.203
0.0790004581,-100037.0,28139.0,203815.094
0.0791006088,-83939.7891,32868.8203,203063.0
0.0792000592,-72306.2891,35690.6289,204930.297
0.0793002173,-67181.4922,35504.1992,209136.906
0.0794003829,-69217.3594,32964.6484,213243.594
0.0795005336,-74245.3828,29668.3008,215301.797
0.0796006769,-78441.6562,27717.3594,214967.297
0.0797001272,-79664.9531,28019.5195,213416.0
0.0798002705,-81073.4687,30093.6699,212397.703
0.0799003765,-85612.2187,32965.1602,212851.0
0.0800004527,-91862.6016,35673.2305,216296.5
0.0801004991,-97162.8984,37395.8789,222634.094
0.0802005306,-97473.2188,38516.9219,229655.297
0.0803005397,-94832.3906,39104.1484,236220.406
0.0804005265,-90371.8438,39112.3711,240911.703
0.0805005133,-86472.8281,39322.3594,243573.406
0.0806004778,-85726.2031,40454.2891,246929.797
0.0807004273,-90373.1016,41966.1719,251425.906
0.0808003768,-99277.9766,43576.6406,257815.297
0.0809006914,-107673.102,44521.6719,265217.0
0.0810002834,-115228.398,44327.0781,271691.5
0.0811006874,-120711.102,43012.2695,278804.0
0.0812004134,-122913.898,41081.4297,286564.687
0.0813001171,-123276.703,39780.1406,294572.813
0.0814005509,-123776.898,39532.3203,303500.906
0.0815002471,-124714.398,40647.6094,313336.312
0.0816006586,-125595.203,42712.7188,322596.0
0.0817003399,-126615.0,44455.5898,330013.094
0.0818006694,-129763.398,44832.2813,337224.906
0.0819002688,-134867.797,43182.8398,344011.406
0.0820005909,-142655.0,40965.8984,350878.312
0.0821001977,-151816.703,39520.5781,357312.594
0.0822005495,-160448.203,39504.5508,364465.313
0.0823001713,-165671.406,40188.6797,372434.094
0.0824004337,-165498.0,41295.3906,379729.5
0.0825000107,-162981.797,42518.5898,384734.188
0.0826005265,-159551.906,43352.1992,386500.813
0.0827003792,-157797.094,43970.1094,386339.094
0.0828000531,-157885.594,44611.0313,386631.0
0.0829006732,-158303.203,45380.9102,390606.187
0.0830005631,-157672.703,45901.3203,396807.5
0.0831004605,-156337.297,46799.8789,403260.5
0.0832003728,-157009.297,47423.3711,406839.406
0.0833002627,-160259.5,47178.6992,407968.094
0.0834001601,-163804.0,46429.4492,407338.687
0.08350005,-164976.906,44812.7695,408110.687
0.0836006403,-162623.906,42903.6289,411572.0
0.0837005228,-156506.203,41357.3789,416203.906
0.0838004127,-150178.594,40531.3086,420034.594
0.0839002803,-145676.0,40697.0195,421973.187
0.0840001628,-143474.797,42698.2695,421526.594
0.0841000527,-143139.094,45663.3906,417841.0
0.0842006728,-144639.094,47931.9883,409724.813
0.0843005702,-148866.297,49996.6211,399384.188
0.0844004676,-155324.594,52182.7891,388676.688
0.0845003575,-160258.797,53298.4414,378630.688
0.0846002698,-160953.094,55019.5,370583.406
0.0847001597,-157432.203,57923.6094,362716.594
0.0848000571,-153051.297,60912.2383,353837.0
0.0849006623,-150245.0,63002.2891,344611.594
0.0850006789,-150626.594,65450.2109,335404.5
0.0851000398,-155664.797,68403.0703,325778.594
0.0852006301,-162149.297,70872.9609,315041.0
0.0853005126,-166271.797,73138.8984,304768.906
0.0854003802,-166621.5,75802.3437,296175.094
0.0855002478,-167006.906,79445.5469,290042.188
0.0856001079,-168953.703,81936.5703,285484.0
0.0857006535,-171610.703,82934.9375,279855.406
0.0858004913,-173837.406,83804.8984,272301.687
0.085900411,-176819.5,84344.9766,262682.687
0.0860005766,-179270.203,83635.3984,251467.094
0.0861004665,-179207.203,82903.3828,240270.094
0.0862004086,-179127.797,85460.3516,230145.594
0.0863004029,-179185.703,90103.3437,221304.594
0.0864003673,-178526.406,93647.6875,214353.203
0.0865003467,-176323.203,96201.1563,208150.0
0.0866002887,-173447.406,99852.9766,200961.203
0.0867000222,-171106.703,103052.203,192185.0
0.086800091,-168577.906,103928.898,184140.703
0.086900413,-166175.5,104274.0,177597.297
0.0870000571,-165326.5,105082.5,173238.797
0.0871004015,-164365.906,105087.797,171630.906
0.087200053,-162541.5,105043.0,173239.094
0.08730039,-159445.5,105189.703,175975.703
0.0874000266,-155649.906,105609.703,178186.797
0.0875003785,-151419.094,105811.602,179367.797
0.0876000226,-146525.906,105188.703,180007.297
0.087700367,-141449.094,103651.898,181495.5
0.0878000036,-137178.297,101819.102,186619.594
0.0879003406,-131183.0,99797.2969,195624.797
0.0880006775,-123127.602,99019.4688,207649.5
0.0881003067,-114791.797,99000.1719,219395.297
0.0882006511,-109385.602,99962.4297,228836.906
0.0883001909,-107065.297,101350.898,236053.703
0.0884005427,-107123.0,102853.797,242725.703
0.0885003284,-109600.102,103604.398,249909.0
0.0886002183,-113354.797,103359.297,258229.703
0.0887001008,-117888.797,103163.898,268530.094
0.0888006687,-122064.5,102574.898,279102.0
0.0889005363,-125311.797,101388.203,287081.688
0.0890003964,-126870.602,101518.102,292831.406
0.0891003385,-127062.898,102536.5,298013.188
0.0892001018,-126343.0,103568.398,304213.906
0.0893002823,-125747.703,104069.602,311531.0
0.0894004926,-127549.398,103942.0,319843.406
0.0895006433,-130732.297,103909.602,329497.406
0.0896003991,-135089.0,103835.398,338277.406
0.0897005871,-140361.203,103194.0,346206.813
0.0898000896,-143215.5,102515.203,353122.187
0.0899003074,-144003.797,102751.797,359686.188
0.0900002718,-144484.703,103428.203,367558.5
0.0901003703,-145481.594,104877.5,375949.594
0.0902004614,-143843.797,105684.203,382474.406
0.090300031,-140626.797,106433.898,386954.5
0.090400137,-139324.5,107585.5,391088.688
0.0905004069,-139092.203,109021.5,394925.094
0.0906005874,-137843.906,109800.602,397144.687
0.0907000825,-137341.0,110691.703,399528.094
0.0908001885,-137603.094,112354.0,401518.906
0.0909002274,-138537.0,115020.297,402230.0
0.0910004303,-140197.906,117800.102,403098.312
0.0911000371,-142754.406,120577.398,404979.312
0.0912005231,-143845.703,122925.5,405644.813
0.0913003683,-141380.406,123085.703,405209.906
0.0914004073,-136408.406,122145.797,405305.5
0.0915004835,-131246.703,121346.5,404168.312
0.0916006416,-127064.102,121416.797,402524.594
0.0917006508,-125035.797,121052.797,400600.594
0.0918006524,-126592.602,121844.797,397708.406
0.0919003114,-130631.898,123923.5,392782.187
0.0920001194,-133399.906,124634.0,386670.594
0.0921006426,-133698.0,123637.398,379308.5
0.0922004431,-132581.203,122184.797,370932.812
0.0923002064,-131783.203,121026.102,364540.406
0.0924000293,-131336.703,120253.898,360195.0
0.0925005525,-130566.203,119327.797,355727.812
0.0926002264,-130370.898,118856.602,351020.813
0.0926999971,-132061.5,119726.797,346788.5
0.0928004682,-134979.094,121337.797,340993.187
0.0929002464,-138189.203,122601.203,334463.5
0.093000032,-140962.094,123995.898,327348.688
0.0931005478,-142315.703,125574.797,319725.313
0.0932003185,-142820.297,126688.0,312920.313
0.0933004394,-143415.203,127512.102,308273.906
0.0934005082,-143865.797,128761.102,305113.0
0.0935006514,-146447.203,130282.102,301695.0
0.0936001688,-150036.703,131725.094,296981.0
0.0937003791,-152575.406,133305.906,290930.812
0.0938005969,-152881.203,134055.703,283589.0
0.0939006582,-151937.797,133862.703,275344.0
0.0940000713,-151315.906,132636.203,268680.906
0.0941001773,-152789.406,132399.0,264377.094
0.094200097,-155295.703,133674.906,261839.0
0.0943003893,-157858.594,135906.906,259084.203
0.0944001004,-160201.594,136423.594,254404.406
0.0945006013,-160991.5,137800.5,247245.094
0.094600603,-159914.094,140268.094,239269.797
0.0947005898,-158652.094,141777.297,232963.797
0.0948005766,-157347.906,142374.797,228414.906
0.0949005708,-156453.703,142941.5,226287.297
0.0950004235,-153627.5,142799.703,225052.203
0.0951003134,-150258.5,142425.203,222856.203
0.0952003524,-147786.203,142060.5,218259.297
0.0953005776,-145503.094,142397.797,210547.703
0.0954001397,-143002.5,142990.0,202253.297
0.0955003873,-137636.297,143324.094,199379.906
0.0956006572,-129100.0,144112.0,201361.797
0.0957004428,-122100.398,144526.5,204089.094
0.095800519,-115546.297,145449.5,208235.703
0.0959006026,-109111.602,145441.797,212169.906
0.0960006863,-106814.102,142230.203,212580.906
0.0961000621,-108868.5,138326.406,210097.594
0.0962001383,-113110.797,135673.297,206856.797
0.0963002071,-117899.203,134282.703,204587.797
0.0964002982,-120804.797,135835.203,204887.094
0.0965003669,-120577.203,136569.703,208290.0
0.0966004431,-116131.102,136139.203,212257.5
0.0967005119,-109523.703,135883.203,214042.0
0.0968005881,-104248.797,135555.797,214101.5
0.0969006568,-98347.8125,134707.5,212788.5
0.0970000178,-93398.8203,134255.594,211266.094
0.0971000865,-93606.9766,134869.5,210793.203
0.0972001627,-98768.6406,134627.594,210556.203
0.0973002166,-104731.602,133106.5,211253.203
0.0974002928,-108323.297,132330.5,212763.797
0.0975003615,-108786.703,133871.594,216081.0
0.0976004377,-107456.0,135625.0,222214.297
0.0977005064,-102931.0,134020.094,229630.5
0.0978005975,-97965.2031,133130.203,236797.797
0.0979006812,-94572.6094,132896.5,243741.906
0.0980000496,-94542.2969,129825.797,248386.906
0.0981001332,-97933.3828,125384.297,252226.094
0.0982002169,-105045.398,122936.5,255582.797
0.0983003005,-111882.0,122632.398,259355.797
0.0984003916,-114469.203,123524.0,265185.406
0.0985004827,-112019.797,123242.203,271632.188
0.0986005589,-105089.703,121995.0,275305.594
0.09870065,-96174.6016,122298.703,278571.594
0.0988000333,-87991.6094,122400.898,283010.187
0.098900117,-83750.7031,120353.703,286752.906
0.0990002006,-82817.2266,116994.703,287017.312
0.0991002917,-84300.3516,114874.203,286781.406
0.0992003828,-85744.7188,114638.0,290636.813
0.0993004665,-87163.3281,113528.0,293689.0
0.0994005725,-89392.2734,113580.797,295984.813
0.0995006636,-89104.8906,115363.102,298974.813
0.0996000394,-85080.4062,116891.297,300744.188
0.0997001305,-79314.4297,116437.203,300915.906
0.0998002216,-74199.7813,115164.398,300473.812
0.0999003127,-69109.2969,115218.203,302530.688
0.100000396,-64803.8711,117029.0,307775.094
0.100100502,-62713.6016,116896.102,313368.594
0.100200601,-62209.6406,115838.102,317772.0
0.100300699,-62926.7383,116432.5,318135.688
0.100400098,-63081.8789,117956.898,313638.0
0.100500204,-65069.0313,120498.102,304885.813
0.100600302,-69423.9062,119868.898,294564.313
0.100700401,-74200.6875,117791.0,287486.313
0.100800499,-80421.9531,118936.297,283509.406
0.100900598,-86161.3984,120110.203,282132.906
0.101000696,-88126.0469,119948.398,282862.313
0.101100102,-84465.2969,118665.898,285089.906
0.101200201,-75902.4219,118572.297,285647.906
0.101300299,-66349.0078,118204.0,284678.5
0.101400398,-63556.8398,118400.5,281113.313
0.101500504,-67046.7266,117797.203,274265.312
0.101600602,-74863.5234,118215.297,265893.187
0.101700701,-85520.8203,118097.398,260105.0
0.101800099,-94299.8438,117195.5,256395.0
0.101900198,-96820.8828,118859.102,253605.406
0.102000304,-90278.7031,121630.602,251404.703
0.102100402,-79145.8203,123536.703,250235.0
0.102200501,-69146.2734,124024.5,249319.703
0.102300599,-63093.3984,123999.797,247095.0
0.102400698,-62362.8008,122858.102,244387.5
0.102500103,-66440.4297,121658.703,240230.297
0.102600202,-74156.1172,122388.602,235150.797
0.102700301,-82685.9609,125392.203,229608.297
0.102800399,-87313.7422,127439.0,224750.797
0.102900498,-85630.7969,127582.203,219078.797
0.103000604,-80061.2031,128357.102,213234.406
0.103100702,-69909.2266,129348.703,210871.297
0.1032001,-57128.7305,131270.297,212721.297
0.103300199,-47178.7695,130882.703,215182.0
0.103400297,-42458.1289,129217.5,214002.797
0.103500403,-43514.9687,131480.906,210626.0
0.103600502,-48328.3086,133218.797,207029.094
0.103700601,-56789.7695,134538.797,201723.203
0.103799999,-69160.8281,135693.297,194586.906
0.103900097,-80164.8516,135061.5,188578.297
0.104000203,-85923.8125,136023.0,187002.0
0.104100399,-88063.8438,139452.406,187919.703
0.104200497,-85903.6094,141346.5,190941.0
0.104300603,-80849.4922,139931.594,192926.703
0.104400702,-72955.8437,136667.5,190936.703
0.1045001,-64707.7383,133278.5,186756.094
0.104600199,-57823.4297,129015.5,181162.203
0.104700297,-56656.1602,123906.5,175085.297
0.104800403,-61238.1797,122271.5,167510.594
0.104900502,-70605.1172,124680.602,160190.797
0.1050006,-78714.5469,129038.703,153876.5
0.105099998,-80342.5,132900.594,149657.5
0.105200097,-73444.5469,134746.297,150547.0
0.105300203,-62044.1797,135774.797,156063.0
0.105400302,-49922.7891,135554.703,162246.297
0.1055004,-39973.3008,135736.094,167163.594
0.105600402,-34226.6289,135625.906,170592.0
0.1057005,-33798.4492,134008.797,171719.5
0.105800599,-40680.1719,133486.5,168458.406
0.105900697,-52684.7188,133763.406,164422.594
0.105999999,-64365.5312,134611.203,162024.203
0.106100097,-70337.3594,134958.703,162013.094
0.106200203,-67640.2969,135750.5,161376.0
0.106300198,-59018.1992,136160.297,162595.906
0.106400304,-46081.3516,136661.5,164453.297
0.106500298,-35323.6211,137143.406,168408.797
0.106600396,-29937.0703,136341.406,176907.703
0.106700502,-27159.8203,134154.297,184331.094
0.106800497,-25203.5508,132255.906,190788.0
0.106900603,-26479.5898,132216.594,192934.0
0.107000701,-32043.9902,132558.203,190547.703
0.107100002,-41262.9609,134427.5,188891.297
0.107200101,-49259.7109,134843.203,189701.5
0.107300103,-52426.9805,133527.797,192399.406
0.107400201,-49381.25,133694.5,195589.797
0.107500203,-42850.7813,135170.797,201440.203
0.107600302,-37551.9492,134506.797,206536.5
0.1077004,-32158.5293,131746.297,208211.906
0.107800402,-27371.4609,129665.797,207396.703
0.1079005,-25087.1504,128784.5,204863.797
0.108000502,-28735.9609,128223.102,202882.594
0.108100601,-37385.8203,126850.898,203685.406
0.108200602,-43923.6719,125741.0,208554.203
0.108300701,-43966.9297,124537.203,214002.906
0.108400002,-39840.4297,123614.797,217688.203
0.108500101,-33010.5586,121967.0,220633.797
0.108600102,-26582.3301,121498.297,223206.094
0.108700097,-22609.7207,122650.5,224776.0
0.108800098,-22675.2891,124412.703,225530.5
0.108900703,-25941.4492,125337.297,227281.406
0.109000601,-29784.5293,124705.602,229386.703
0.109100498,-33726.9805,125500.898,228154.5
0.109200299,-35667.3789,127219.0,224224.5
0.109300099,-35277.3789,127361.602,220857.703
0.1094006,-31850.8496,124090.0,218950.797
0.109500401,-25727.1504,119609.5,218149.094
0.109600097,-18707.3594,117325.398,217801.0
0.109700501,-11774.4102,116775.102,218190.703
0.1098001,-6841.04492,117672.0,218279.297
0.1099004,-6826.19092,119195.703,215594.203
0.110000603,-12424.3096,120535.102,211685.5
0.110100098,-20327.1895,120519.297,205777.203
0.110200197,-27344.1094,119828.0,199567.094
0.110300399,-31916.3008,120027.703,194223.0
0.110400401,-32654.4902,121982.297,190551.594
0.1105005,-30024.0605,123449.5,188147.797
0.110600501,-25322.1504,122942.203,186599.297
0.110700503,-20986.9609,122603.602,184890.594
0.110800497,-18804.4004,123235.0,182312.406
0.110900499,-17944.3398,123554.297,177871.297
0.111000396,-18774.5996,123024.797,171024.094
0.111100003,-20582.6602,123493.0,163235.594
0.111200102,-23398.2305,124363.602,157486.0
0.111300103,-27242.3496,124988.102,154783.297
0.111400202,-30029.5391,125847.703,152742.406
0.111500099,-31472.4707,127136.797,149424.5
0.111600101,-31441.5605,128466.5,144476.094
0.111699998,-31277.9199,129838.102,139542.5
0.111800604,-31963.5996,131167.906,135731.203
0.111900501,-32647.8008,131750.797,132518.406
0.112000398,-33869.6992,130505.797,129539.797
0.112100199,-34483.4687,128182.898,127891.398
0.112200104,-34063.8516,125799.0,127148.703
0.112300403,-34731.5391,124112.203,125909.5
0.112400003,-37192.0195,123941.297,123954.398
0.112500302,-39666.1211,124856.0,120922.703
0.112600498,-40528.75,125698.898,117935.102
0.112700097,-38647.8008,125779.398,116216.102
0.1128003,-33669.5117,125753.797,115771.5
0.112900503,-27212.5195,125068.5,116058.5
0.113000698,-22968.0996,124325.0,115895.398
0.113100097,-20764.7891,123549.602,114267.398
0.113200299,-20892.4102,122911.0,111197.398
0.113300502,-22409.7305,122287.297,108657.297
0.113399997,-24598.4102,121128.898,107149.898
0.113500699,-27491.5508,119427.297,106129.297
0.113600597,-29211.1309,118409.0,105798.703
0.113700598,-30837.25,119714.203,106397.398
0.113800503,-32127.0391,121741.898,107867.0
0.113900498,-32264.0996,123406.297,108823.102
0.114000402,-31194.7207,124213.602,109654.0
0.114100397,-28847.3008,125156.602,110400.102
0.114200301,-27241.5801,126097.0,109942.398
0.114300303,-26343.3398,127104.297,108786.898
0.114400297,-25092.1504,127183.5,107605.102
0.114500202,-23860.0391,127008.5,107502.797
0.114600196,-24328.1309,127858.0,110288.102
0.114700101,-24589.8809,128439.102,114286.898
0.114800103,-23807.5508,128224.5,117908.797
0.114900097,-21730.9102,127412.703,119011.898
0.115000002,-19405.5996,126735.5,117637.297
0.115100697,-18108.4004,126026.602,117549.898
0.115200602,-17520.6504,125323.102,120331.203
0.115300603,-19193.5801,124720.797,123750.0
0.115400597,-22670.1992,123541.297,127080.102
0.115500502,-24957.8301,121528.797,129902.5
0.115600497,-25558.7695,120042.602,130729.297
0.115700498,-25318.5,118848.898,129593.297
0.115800403,-24186.7891,117597.398,127453.102
0.115900397,-22905.0391,116704.102,126468.797
0.116000399,-21942.0195,116017.703,127076.297
0.116100296,-23113.6094,116190.0,128599.5
0.116200298,-26053.8203,117545.297,130671.5
0.1163003,-29811.1191,117736.203,133305.594
0.116400197,-32398.4609,117482.898,134647.406
0.116500199,-32436.6602,117517.297,134241.5
0.116600201,-31333.3691,117948.398,133528.297
0.116700202,-29479.3496,117798.297,133871.297
0.116800196,-28295.3105,117352.5,134618.797
0.116900198,-27200.7598,116555.797,135311.094
0.1170002,-25686.2305,115288.0,136160.0
0.117100202,-24537.0195,113654.398,136238.0
0.117200203,-24116.5801,111799.0,135580.5
0.117300197,-23142.4805,109833.898,134359.203
0.117400199,-21616.1504,107870.0,132730.203
0.117500201,-21216.2109,107094.5,131103.906
0.117600203,-22468.6699,106954.398,130941.102
0.117700197,-24789.1309,106697.898,132440.297
0.117800303,-27014.0293,106768.398,134738.0
0.117900297,-28613.1602,106987.797,136175.203
0.118000299,-29483.9609,107159.0,136846.5
0.118100397,-28437.1504,106905.102,136168.594
0.118200399,-26945.9805,106918.398,133443.5
0.118300401,-26484.6797,107142.102,130437.797
0.118400499,-26827.6699,106763.203,128738.203
0.118500501,-27748.6094,106088.297,128499.5
0.118600599,-28904.5898,105377.898,128640.102
0.118699998,-29785.3691,104788.602,128985.703
0.118800104,-29611.4395,104033.102,129123.398
0.118900299,-27848.0605,103428.0,127869.898
0.119000398,-24972.0098,103401.102,125469.398
0.119100504,-23171.3906,103690.297,123280.102
0.119200602,-23162.9707,103764.602,122727.602
0.1193,-24382.1504,103147.102,122914.398
0.119400203,-26077.9902,102189.703,122535.203
0.119500302,-28905.25,102070.398,121989.5
0.1196004,-32185.6602,102090.297,120320.797
0.119700603,-34758.0703,102071.0,118398.102
0.119800203,-35846.1094,102029.898,116970.203
0.119900398,-36094.8789,101426.797,116391.0
0.120000601,-36120.8516,100614.398,116330.102
0.120100103,-36681.4414,99877.1328,116575.297
0.120200403,-37887.5703,99350.0937,116342.898
0.120300703,-38648.4492,98694.5234,114758.0
0.120400302,-39119.8281,97931.5,112236.102
0.120500602,-39569.1211,97009.3516,109481.797
0.120600201,-39553.1992,96508.2891,107403.797
0.120700598,-39046.2812,95300.9062,106134.5
0.120800197,-38106.8906,94077.0937,106061.398
0.120900497,-36406.4687,93007.1172,106876.203
0.121000201,-34861.2617,91796.5,108148.398
0.121100597,-33174.6094,90425.0937,108725.0
0.121200196,-31381.2695,89248.9062,107604.898
0.1213006,-30032.9102,88776.9062,105560.102
0.121400297,-29533.2891,88903.7734,103149.0
0.121500596,-29977.3008,88663.0625,101309.5
0.1216003,-29837.7402,88324.7891,99861.3281
0.121700697,-29812.9707,88318.3906,98467.6562
0.121800303,-30653.6504,88510.0938,97527.2188
0.1219,-31633.9902,88642.8828,97442.2891
0.122000404,-31337.1699,88893.9766,97474.1328
0.1221001,-29855.3105,88946.5234,97059.2187
0.1222004,-28872.4707,88614.8906,96299.4219
0.122300103,-28166.6602,87509.5938,95727.1875
0.122400403,-27596.6699,85339.0938,95467.2578
0.122500099,-28029.0996,83359.1719,94480.9531
0.1226006,-29429.8594,82075.5938,93438.5234
0.122700296,-31598.6309,80255.3516,92996.9531
0.122800097,-34118.4414,78551.2031,92975.9766
0.122900501,-35831.0,78446.9609,92723.7578
0.123000301,-35994.6406,79250.6094,91295.2266
0.123099998,-36090.3711,80136.9297,89023.1406
0.123200499,-35992.4492,80675.7734,86998.6016
0.123300202,-36143.7305,81251.7812,85649.0313
0.123400599,-37332.3906,81193.3437,84608.2266
0.123500399,-39815.2617,80270.3437,84437.0625
0.123600103,-42613.9805,78311.0937,84892.3281
0.1237005,-44414.7383,77765.2266,85392.0938
0.1238003,-44505.5508,77884.7734,85360.0469
0.123900197,-43520.3594,77963.2734,85496.7578
0.124000102,-42454.8594,77811.6016,84320.5078
0.124100603,-41683.1406,77917.2891,81805.6484
0.124200501,-40873.6211,77526.3984,81504.9531
0.124300398,-40661.1094,77476.5469,83503.3672
0.1244004,-41674.5,76917.4766,86229.4766
0.124500297,-42351.7891,74380.4063,88145.4531
0.124600202,-41417.1914,72738.2422,88887.0469
0.124700099,-40013.0195,71928.2969,88562.7969
0.124799997,-38372.4414,71070.1719,87955.0391
0.124900602,-38407.7695,70523.7266,87026.5937
0.125000507,-39974.1992,69753.9063,86656.9531
0.125100404,-42488.2695,69241.5781,87972.8203
0.125200301,-44508.8398,68813.8828,90251.3594
0.125300199,-43429.0781,68923.2969,91427.3984
0.125400096,-40761.6797,68242.3125,90937.4688
0.125500098,-38540.2305,67364.9609,89848.9766
0.125599995,-37028.3906,66918.0938,88842.7578
0.125700697,-37254.8398,66541.5937,89487.8203
0.125800595,-38439.4883,66277.2109,91070.7266
0.125900596,-39276.1797,65348.8398,93572.6797
0.126000598,-40973.3594,64683.2109,96447.7266
0.126100704,-41882.7813,64872.8516,98018.7031
0.126200005,-42729.6016,65589.7734,96866.1875
0.126300097,-43705.0,67075.7891,93683.4375
0.126400098,-45061.1992,69183.7031,90067.9687
0.126500204,-48482.9805,70004.2187,88039.7969
0.126600206,-53432.25,70562.0234,87451.75
0.126700193,-57666.6719,71666.4609,88240.2266
0.126800299,-59476.5117,71578.2734,91259.0625
0.1269003,-58248.5703,69255.6172,96560.7266
0.127000302,-54199.9805,66660.2031,101080.203
0.127100497,-48768.2813,66735.8516,102835.797
0.127200693,-43726.7305,66218.5469,102808.703
0.127300099,-42647.7109,65985.1484,101632.0
0.127400294,-44805.75,66528.9609,98334.3984
0.1275004,-49245.8398,68701.6328,93121.7109
0.127600595,-54172.3594,70885.2266,89149.9766
0.127700001,-57926.9609,72099.8672,88892.3203
0.127800196,-58256.8789,72532.7969,90939.6562
0.127900302,-52113.5391,71856.1484,93323.7187
0.128000498,-43252.6289,70635.0391,96109.6094
0.128100693,-36543.5391,68209.5312,98823.5391
0.128200099,-34516.5703,65643.1172,100838.0
0.128300294,-37424.5195,64158.3086,102333.703
0.128400505,-44892.1406,64311.5781,102903.703
0.1285007,-54037.5195,65870.3828,101218.102
0.128600106,-59955.3711,68094.4375,97951.4531
0.128700301,-61918.4102,70126.6797,94974.2969
0.128800496,-60308.7383,71301.8828,93706.6719
0.128900602,-56268.1406,71685.6094,94732.5312
0.129000098,-50754.25,70663.6016,97840.4922
0.129100293,-46226.25,68254.5391,101495.0
0.129200503,-44855.6602,66120.8828,104330.0
0.129300594,-46295.3398,64584.9102,104521.102
0.129400104,-49521.8398,64161.5195,102729.398
0.1295003,-52460.1719,63558.6484,99400.1719
0.129600495,-54215.1914,61506.5508,95103.2109
0.129700601,-54031.4219,59225.6289,91278.8906
0.129800096,-53601.6797,58636.2695,88566.1797
0.129900306,-54842.1914,59502.4609,87572.1016
0.130000502,-57303.8281,59577.7109,87017.4766
0.130100697,-60148.0898,59292.2187,86324.2031
0.130200103,-61898.3086,59492.0781,85482.8437
0.130300298,-61444.4687,59883.2812,84857.3516
0.130400494,-59259.1211,60334.8516,84661.1328
0.130500004,-55907.5781,60656.9102,84646.3437
0.130600199,-52052.6289,61503.0,83947.7266
0.130700499,-49436.1484,62455.5,83406.0234
0.130800694,-49379.3203,61488.5508,83236.9297
0.130900204,-52665.1289,59728.0586,82693.6484
0.131000504,-56921.8789,57780.7891,82055.7813
0.131100699,-59799.7109,56869.7617,81262.8516
0.131200194,-61507.3281,57103.3281,80212.9063
0.131300405,-61915.0117,58554.7109,78558.2266
0.131400704,-60868.0117,60571.8008,76555.7734
0.131500199,-58489.5313,62123.8594,75354.5391
0.131600395,-56731.3789,62717.2109,74454.8984
0.131700605,-56172.7617,62279.8203,73463.3672
0.131800205,-55643.4297,61793.8203,71759.9922
0.1319004,-55677.3594,59971.4805,70502.2031
0.132000595,-55849.6797,57939.1992,69723.4688
0.132100195,-54889.6211,56955.0117,68682.2109
0.132200405,-53715.9219,57131.6602,67766.3828
0.132300004,-53041.3984,57197.7695,67952.2109
0.132400304,-52236.8516,56824.5313,68566.8438
0.132500499,-53214.9102,58002.9805,68411.1562
0.132600099,-54659.4492,60411.5898,68562.6328
0.132700399,-56498.5195,62255.2813,68656.3437
0.132800698,-59115.5898,64020.0508,68782.5937
0.132900298,-59281.8203,64544.1211,68330.0469
0.133000493,-57754.3398,63573.9414,67190.7109
0.133100107,-55852.8086,62507.8516,66347.4297
0.133200407,-55040.8008,62025.8594,66844.4219
0.133300006,-53845.6016,60565.3516,68480.2422
0.133400306,-51916.4883,59289.1211,70928.9531
0.133500606,-51434.5,58339.4102,72082.4063
0.133600205,-50921.2617,58014.1484,72148.7109
0.133700505,-49354.1211,57429.0508,71997.3672
0.133800104,-48299.7383,55072.25,71380.0703
0.133900493,-48684.7383,53626.4492,71025.9531
0.134000093,-49403.3789,52988.9297,70328.3438
0.134100407,-49225.3398,52709.8203,71588.4375
0.134200096,-48196.4102,52226.6406,74846.7422
0.134300396,-47867.5391,52530.8008,78657.1562
0.1344001,-47157.9883,52971.25,81440.5469
0.134500399,-44974.2812,51454.9805,83475.5234
0.134600103,-43135.8789,48952.4609,84857.5078
0.134700403,-43272.4102,47940.4609,86836.9531
0.134800002,-44767.6094,47030.8203,87503.3906
0.134900406,-46649.2813,45315.6797,85883.0703
0.135000095,-49833.0781,44292.9805,82246.0625
0.135100394,-54287.9414,44906.8594,78360.6797
0.135200098,-58505.9219,45899.1094,75081.2266
0.135300398,-63159.8398,47151.9805,72599.5313
0.135400102,-65048.3086,48036.6602,71973.1094
0.135500506,-61925.3789,48532.3086,71107.5781
0.135600299,-56266.9609,48970.1289,71887.9688
0.135700002,-52447.2695,49481.8086,74201.3125
0.135800496,-50580.7383,49535.4492,74636.4766
0.135900304,-49368.2109,46874.0,74328.9062
0.136000097,-48914.6484,43146.5898,75706.1172
0.136100501,-50738.1602,41635.3281,74019.6406
0.136200294,-54065.5,42990.3203,69502.4375
0.136300102,-55341.6602,44159.7891,66066.8906
0.136400595,-54685.7188,44439.1914,64269.1602
0.136500299,-54815.9492,46423.7617,62101.5312
0.136600107,-56906.3398,48526.5898,61433.9805
0.1367006,-56994.0898,48582.3008,63698.8906
0.136800304,-56377.4219,46259.7305,67035.1172
0.136900097,-54037.2187,43651.5117,68828.6094
0.137000605,-50616.2617,42273.3086,67671.1016
0.137100399,-48034.2891,43280.4609,64789.9102
0.137200207,-44594.9219,44689.7891,60624.0117
0.1373007,-42150.7695,42997.3789,56855.1094
0.137400597,-44622.0586,41214.6406,55495.9414
0.137500495,-50662.9609,40718.4297,53632.5195
0.137600407,-57365.2383,39651.0703,50778.9688
0.137700304,-62365.7109,38570.3789,47821.9414
0.137800202,-63867.8711,39127.2305,45702.7695
0.137900099,-61927.6914,40273.25,44402.3281
0.137999997,-58819.1602,40736.0312,45516.1484
0.138100699,-53818.2695,41119.7109,48931.8086
0.138200596,-48944.7695,40570.1797,52945.0313
0.138300493,-47801.8008,38830.0898,57515.0
0.138400406,-49729.4414,37415.5703,57882.7812
0.138500303,-54732.3203,36609.4805,53631.9883
0.1386002,-60340.2695,35067.4102,50396.4609
0.138700098,-64503.1484,33474.0313,49023.7617
0.138799995,-65820.6094,32842.5703,48098.9492
0.138900697,-65071.6719,31825.9199,48181.4688
0.139000595,-62124.7891,31729.9492,49172.8789
0.139100507,-57660.9102,34001.8984,50021.3984
0.139200404,-54202.5117,35625.5703,51100.3984
0.139300302,-53320.8281,35480.9492,51967.6094
0.139400199,-55157.0195,35259.9219,52153.5508
0.139500096,-58769.2617,33670.6797,52088.6914
0.139600098,-60323.6211,29818.1309,51141.0117
0.139700696,-58239.5508,26556.0703,48475.4297
0.139800593,-55042.3594,25843.2402,46629.7305
0.139900506,-51455.8594,27069.3105,48947.7813
0.140000001,-48357.4102,28844.7891,54083.3281